response,ground_truth
NO,No
Yes,Yes
NO,Yes
NO,Yes
NO,Yes
Yes,Yes
NO,Yes
Yes,Yes
Yes,Yes
NO,Yes
C,A.
C,A.
B,B.
C,B.
B,A.
C,A.
B,A.
B,A.
B,A.
C,B.
B,B.
B,B.
B,A.
B,A.
C,A.
B,A.
B,A.
B,A.
B,A.
"Based on the Track Forecast Cone from National Hurricane Center:

Port Aransas to San Luis Pass, TX","Watch Hill RI to Stonington ME including Marthaâ€™s Vineyard, Nantucket, and Block Island"
"Based on the provided Track Forecast Cone image, I can see that:

Tropical Storm/Hurricane Watch: Florida (Fort Pierce) to Louisiana (Grand Isle)

Please note that this information is based solely on the provided image and may not reflect real-time updates from official sources.",None
"Based on the Track Forecast Cone from National Hurricane Center, I can see that the coastal areas under Tropical Storm (TS) and Hurricane watch are:

Florida Keys to Lake Okeechobee",Jupiter Inlet FL to Ponte Vedra Beach FL
Jacksonville FL to Flagler Beach FL,"North of Ponte Vedra Beach, FL to South Santee River, SC"
[Location 1] Fort Myers Beach [Location 2] Englewood,"Volusia/Flagler County Line to Ponte Vedra Beach, FL (includes Jacksonville area)"
Jacksonville Beach FL to Cape Lookout NC,"Tropical Storm Watch from Flagler/Volusia County Line to Ponte Vedra Beach, FL (just south of Jacksonville)"
"Based on the provided Track Forecast Cone from National Hurricane Center, I can see that the coastal areas under Tropical Storm (TS) and Hurricane watch are:

Fort Lauderdale to Jupiter Florida
None",East coast of Florida from Ocean Reef to Sebastian Inlet
Miami Beach to Key West,East coast of Florida from Ocean Reef to Sebastian Inlet (south-east FL)
Fort Lauderdale to Boca Raton,None in effect for Florida as of Advisory 8A
"Jacksonville Beach, FL to Flagler Beach, FL",Central Bahamas from Cat Island to San Salvador (no U.S. coastline yet under watch)
"Based on the Track Forecast Cone from National Hurricane Center, I can see that the coastal areas under Tropical Storm (TS) and Hurricane warning are:

San Juan Puerto Rico to Dominican Republic",Flagler/Volusia County Line FL northward to South Santee River SC (includes Jacksonville area)
"Based on the Track Forecast Cone from National Hurricane Center, the coastal area that is under the TS (Tropical Storm) and Hurricane warning is:

Punta Gorda to Englewood","Sebastian Inlet, FL to Ocracoke Inlet, NC"
"Based on the Track Forecast Cone from National Hurricane Center:

* Florida Keys to Daytona Beach, FL",Hallandale Beach FL to South Santee River SC
"Coastal areas under TS and Hurricane warnings: Fort Pierce to Flagler Beach, Florida","Volusia/Flagler County Line to Ponte Vedra Beach, FL"
Baja California Mexico to Eastport Maine,None in Northeast Florida (Storm Surge Watch ends at Ponte Vedra Beach)
"Based on the Track Forecast Cone from National Hurricane Center, I see that the following areas are under Tropical Storm (TS) and Hurricane warning:

Tampa, FL to Key West, FL

Please note that only these locations are under warning, and no other information is provided in this figure.","Hurricane Warning Boca Raton to Volusia/Brevard County Line, FL; Storm Surge Watch Jupiter Inlet to Ponte Vedra Beach, FL"
Crescent City to Cameron,None in Florida at this advisory
"Based on the Track Forecast Cone from National Hurricane Center, I see:

* Boca Raton to Flagler Beach, FL

Please note that this information is based solely on the provided image and my training data as a cyclone and port operations analyst.",Northwestern Bahamas (Hurricane Warning) and much of the Bahamas (Tropical-Storm Warning)
"Based on the Track Forecast Cone from National Hurricane Center, I can see that the areas under Tropical Storm (TS) and Hurricane warning are:

Florida Keys to Bonita Springs",None in effect for Florida as of Advisory 8A
West Palm Beach to Deerfield Beach,"Puerto Rico, U.S./British Virgin Islands, southern and northern coasts of Dominican Republic, north coast of Haiti, Turks & Caicos, southeastern Bahamas"
"24.5N, 85.2W","30.2N, 80.1W"
"24.5N, 85.2W","28.2N, 79.7W"
"25.5N, 79.2W","26.5N, 79.5W"
"23.5N, 78.8W","25.3N, 78.9W"
"22.9N, 89.3W","24.3N, 77.5W"
"23.1N, 85.5W","22.9N, 75.9W"
"23.5N, 84.2W","21.3N, 73.9W"
"25.5N, 84.2W","19.9N, 71.2W"
"24.5N, 83.1W","17.6N, 68.5W"
"21.3N, 87.2W","16.0N, 66.3W"
WNW,N
WNW,NNW
WSW,NW
WNW,NW
WNW,NW
WNW,NW
WNW,NW
WSW,NW
WNW,NW
WNW,WNW
15,13 mph
30,9 mph
30,8 mph
25,9 mph
35,12 mph
25,15 mph
30,17 mph
35,20 mph
25,20 mph
65,18 mph
Florida,Entire U.S. Atlantic coast from northeast Florida through New England within 5-day cone and wind-probability envelope
Florida,Florida east coast northward through Georgia and the Carolinas
Florida,Entire northeast Florida coast northward through coastal Georgia and the Carolinas
Florida,"Entire Florida east coast northward through Georgia and the Carolinas, extending to the mid-Atlantic states"
Florida,Entire southeast U.S. coastline from Florida east coast through the Carolinas and Mid-Atlantic
The Caribbean Sea and the Gulf of Mexico.,"Entire east coast of Florida, Georgia and the Carolinas within the 5-day cone"
Florida,Entire Florida Atlantic coast north of Sebastian Inlet through Georgia and the Carolinas
Florida,Entire Florida east coast northward to the Carolinas and Mid-Atlantic within 5-day cone
Florida,"Florida east coast from Miami to Jacksonville, and northward into coastal Georgia and the Carolinas"
Florida,Entire east Florida coastline northward into coastal Georgia and the Carolinas
JACKSONVILLE NAS,MAYPORT NS FL
JACKSONVILLE,JACKSONVILLE
JACKSONVILLE,MAYPORT NS FL
JACKSONVILLE,JACKSONVILLE
JACKSONVILLE,JACKSONVILLE FL
JACKSONVILLE FL,JACKSONVILLE FL
JACKSONVILLE,JACKSONVILLE
JACKSONVILLE,JACKSONVILLE
JACKSONVILLE,JACKSONVILLE FL
FT TAYLOR NAS,JACKSONVILLE FL
"According to the text, the forecast for Jacksonville, FL (ZCZC MIAPWSAT4 ALL TTAA00 KNHC DDHHMM) does not provide the cumulative probability of 34-kt wind arrival. The text only provides probability values for specific times and locations.

If you're looking for a forecast tool that can give you this information, I recommend checking out official weather websites or mobile apps like the National Weather Service (NWS) or Dark Sky. They offer forecasts that include cumulative probabilities of various weather events, including wind gusts.",5%
1,4%
82,32%
10,16%
2,13%
14,14%
1%,10%
13,13%
3,15%
The answer is: **99**,25%
0.13,1%
4,0%
10,5%
1,<3%
1,0%
1,<3%
1,0%
1,0%
2,3%
4,3%
1,0
1,18
10,48
17,48
7,72
9,72
10,96
13,72
13,84
0,96
12,N/A
1,
27,36
17,N/A
1 hour,N/A
4,N/A
1,N/A
3,N/A
13,84
"According to the provided weather bulletin, there is no information on 50-kts wind probabilities for Jacksonville, FL. The text appears to be a summary of various weather forecasts and warnings from different regions around the world, but it does not contain specific data or predictions for any particular location, including Jacksonville, FL.",120
12,3%
9,4%
1,32%
74,16%
2,13%
1,14%
8,10%
7,7%
10,10%
33,13%
"B. South Jersey Port Corp, NJ",A.
"B. Port of Brunswick, GA",A.
"D. Tampa Port Authority, FL",A.
B,A.
C,B.
"C. Jacksonville, FL",C.
B,A.
"D. Jacksonville, FL",D.
B,B.
"C. Tampa Port Authority, FL",D.
South Santee River South Carolina to Cape Fear North Carolina,Entire U.S. Atlantic coast from northeast Florida through New England within 5-day cone and wind-probability envelope
eastern South Carolina or southern North Carolina,Florida east coast northward through Georgia and the Carolinas
"Northwest Florida, South Carolina",Entire northeast Florida coast northward through coastal Georgia and the Carolinas
Southeast Coast of Florida,"Entire Florida east coast northward through Georgia and the Carolinas, extending to the mid-Atlantic states"
Boca Raton to the Volusia/Flagler County Line Florida,Entire southeast U.S. coastline from Florida east coast through the Carolinas and Mid-Atlantic
"Northwestern Bahamas, Central Bahamas","Entire east coast of Florida, Georgia and the Carolinas within the 5-day cone"
"Northwestern Bahamas including Andros Island, New Providence, Eleuthera, Abacos Islands, Berry Islands, Grand Bahamas Island, and Bimini",Entire Florida Atlantic coast north of Sebastian Inlet through Georgia and the Carolinas
Northwestern Bahamas,Entire Florida east coast northward to the Carolinas and Mid-Atlantic within 5-day cone
Southeastern Bahamas,"Florida east coast from Miami to Jacksonville, and northward into coastal Georgia and the Carolinas"
"Puerto Rico, Hispaniola",Entire east Florida coastline northward into coastal Georgia and the Carolinas
C. Category 1,B.
B. Tropical Storm,B.
B,B.
B. Tropical Storm,B.
D. Category 2,C.
C,C.
D. Category 1,C.
C,B.
B. Tropical Storm,B.
B. Tropical Storm,B.
C,C.
C,D.
C,C.
D,C.
C,C.
"C. Tampa Port Authority, FL",A.
D,D.
B,B.
B,C.
B,A.
West Florida,Entire U.S. Atlantic coast from northeast Florida through New England within 5-day cone and wind-probability envelope
Florida,Florida east coast northward through Georgia and the Carolinas
Florida,Entire northeast Florida coast northward through coastal Georgia and the Carolinas
North Carolina,"Entire Florida east coast northward through Georgia and the Carolinas, extending to the mid-Atlantic states"
Louisiana,Entire southeast U.S. coastline from Florida east coast through the Carolinas and Mid-Atlantic
Florida,"Entire east coast of Florida, Georgia and the Carolinas within the 5-day cone"
Florida,Entire Florida Atlantic coast north of Sebastian Inlet through Georgia and the Carolinas
South Carolina,Entire Florida east coast northward to the Carolinas and Mid-Atlantic within 5-day cone
Florida,"Florida east coast from Miami to Jacksonville, and northward into coastal Georgia and the Carolinas"
Florida,Entire east Florida coastline northward into coastal Georgia and the Carolinas
"Based on the Track Forecast Cone from National Hurricane Center, I can analyze the data.

Let me check... Ah-ha! According to the cone, it looks like the cyclone is expected to make landfall in approximately **72** hours.",14
"Based on the Track Forecast Cone from National Hurricane Center, the expected time to landfall is: 36",24
"Based on the Track Forecast Cone from National Hurricane Center, I can analyze the data to provide an answer.

According to the latest forecast, the cyclone is expected to make landfall in approximately 72 hours. Therefore, the answer is:

72",42
"According to the Track Forecast Cone from National Hurricane Center, I forecast that 72 hours will elapse before the cyclone reaches land.",18
"I'll analyze the Track Forecast Cone!

According to the National Hurricane Center, I see that... 

**36 hours**

(No more words needed, just this integer!)",72
15,54
23,90
25,45
"**Note:** I'll be using the Track Forecast Cone from National Hurricane Center for my analysis.

Please provide me with the current position of the cyclone, as well as the coordinates of the predicted landfall. Additionally, please let me know if you'd like me to consider any specific parameters such as wind speed, central pressure, or storm surge.

Once I have this information, I'll be happy to crunch some numbers and provide you with an estimate of the expected hours between the cyclone's current position and its projected landfall.",48
12,72
60,0
72,12
24,24
48,36
72,36
96,24
120,57
36,69
24,96
54,96
D,D.
C,D.
D,D.
C,D.
C,D.
D,D.
D,D.
D,D.
C,D.
B,D.
D,B.
C,B.
D,B.
C,B.
D,B.
D,B.
D,B.
C,B.
D,B.
D,C.
"The correct answer is D. 48 hours or more.

According to the table, for Jacksonville, FL (location not specified in the text), the highest 34-kt wind probability is forecasted for 48 hours or more, with a value of 10/10 (i.e., 100%).",A.
"According to the data, the answer is:

B. 12-24 Hours

The highest 34-kt wind probability for Jacksonville, FL is forecasted in the 12-24 hour time interval, with a probability of 4 (NNNN).",B.
"The correct answer is B. 12-24 Hours.

According to the forecast, there is a 3 (33%) chance of 34-kt winds within the 12-24 hour time interval for Jacksonville, FL.",C.
"Based on the data provided, the highest 34-kt wind probability for Jacksonville, FL is indicated in choice A.",C.
"The correct answer is B. 12-24 hours.

According to the forecast data, Jacksonville, FL has a 5 (7) knot wind probability for the 12-24 hour time interval. This is the highest probability among all the forecasted time intervals.",D.
"Based on the data, the highest 34-kt wind probability for Jacksonville, FL is indicated in the 11-14 hour time interval (FT PIERCE FL   34  X  11(11)  ...). Therefore, the correct answer is:

B. 12-24 Hours",D.
"Based on the provided data, I would answer:

D. 48 hours or more",D.
The correct answer is C. 24-48 hours.,D.
"According to the provided forecast, the highest 34-kt wind probability for Jacksonville, FL is indicated in option **C** (24-48 hours) with a value of 7(14).",D.
"The correct answer is A. 0-12 hours.

According to the forecast, the highest 34-kt wind probability for Jacksonville, FL is indicated in the ""0-12 hours"" time interval, with a probability of 2 out of 10 (20%). The other options have lower probabilities: 1/10 (10%) for both ""12-24 Hours"" and ""24-48 hours"", and 1/99 (1%) or less for ""48 hours or more"".",D.
No,No
No,No
No,Yes
No,No
No,No
No,No
No,No
No.,No
Yes,No
No,No
"According to the provided data, the first time the probability of 34-kt winds at Jacksonville, FL rises above zero is:

**A. 0 hours**

The forecast begins with a probability of 1 (100%) for 34-kt winds at Jacksonville, FL, indicating that it has already exceeded zero.",A.
"The answer is C. 24-48 hours.

To find the first time the probability of 34-kt winds at Jacksonville, FL rises above zero, we need to look for the first hour when the value in the ""W"" column (winds) exceeds 0.

In this case, it's hour 25 (B. 0-24 Hours).",A.
"The correct answer is A. 0 hours.

According to the forecast, Jacksonville, FL has a probability of 1 (100%) for 34-kt winds at hour 0.",B.
The answer is A. 0 hours.,B.
"According to the forecast data, the probability of 34-kt winds at Jacksonville, FL does not rise above zero until after 12 hours (hour 12), so the correct answer is:

B. 0-24 Hours",C.
The answer is B. 0-24 Hours.,C.
The correct answer is D. 48 hours or more.,C.
"According to the table, the first time the probability of 34-kt winds at Jacksonville, FL rises above zero is:

B. 0-24 Hours

Therefore, the correct answer is B.",D.
The correct answer is D. 48 hours or more.,D.
The correct answer is D. 48 hours or more.,D.
34,14
24,24
24,42
23,18
Afternoon or evening.,72
Saturday night.,54
Saturday,90
Saturday.,45
Friday night,48
144 hours (6 days),72
B. Start of heavy rainfall,A.
C,A.
B,A.
B. Start of heavy rainfall,A.
B. Start of heavy rainfall,A.
B,B.
B. Start of heavy rainfall,A.
D,B.
D,A.
D,A.
B. No,A.
B. No,B.
C,C.
C,B.
C. Yes,C.
B,B.
D. Possible,B.
B,A.
D,D.
D,A.
C. Yes,B.
D. Possible,B.
D,B.
C,B.
C. Yes,B.
C,B.
C,B.
D. Possible,A.
D,D.
C,D.
"Tornadoes will be possible over coastal South Carolina beginning this evening, spreading across eastern North Carolina tonight into Tuesday morning.",Dangerous surf and rip currents; very low tornado risk at the port
"Rip current threats are expected along the beaches of Jacksonville, Florida, as swells generated by Isaias cause hazardous surf conditions.",Dangerous surf and rip currents; brief coastal erosion possible.
Rip Currents,Dangerous surf and rip currents; isolated tornado threat shifts north of the port after Monday
"Tornadoes are possible in association with Isaias' outer rain bands affecting Jacksonville, Florida.",High surf and dangerous rip currents along northeast Florida beaches
Hurricane Isaias.,High surf and dangerous rip currents; brief coastal flooding along the St. Johns River during high tides
Isolated minor river flooding is possible across the eastern Carolinas and into Virginia.,High surf and dangerous rip currents beginning Sunday
Isaias's heavy surf and rip currents will pose a life-threatening threat to beachgoers and mariners along the east coast of Florida on Saturday.,High surf and dangerous rip currents that could halt cargo operations and pilot transfers.
Sea level rise due to Isaias's interaction with the full moon tide on Saturday may exacerbate coastal flooding concerns in Jacksonville.,"High surf, dangerous rip currents and brief tornadoes in spiral rainbands"
Isaias,High surf and dangerous rip currents affecting port approach channels beginning this weekend
Tornadoes are possible in inland areas of northern Florida and southern Georgia due to the anticipated interaction between the storm's outer circulation and the region's landmass.,"Dangerous surf, rip currents, and short-fuse coastal squalls that could disrupt vessel loading/unloading operations."
"{
""future_12_hours"": {
""probability"": ""35-40%"",
""confidence_level"": ""Moderate""
},
""future_24_hours"": {
""probability"": ""45-50%"",
""confidence_level"": ""High""
},
""future_48_hours"": {
""probability"": ""60-65%"",
""confidence_level"": ""Very High""
},
""future_72_hours"": {
""probability"": ""70-75%"",
""confidence_level"": ""Extremely High""
},
""future_96_hours"": {
""probability"": ""80-85%"",
""confidence_level"": ""Near Certain""
}
}","{'in 12h': '3%', 'in 24h': '5%', 'in 48h': '5%', 'in 72h': '5%', 'in 96h': '5%'}"
"{
""future_12_hours"": {
""probability"": ""20-30""
},
""future_24_hours"": {
""probability"": ""40-50""
},
""future_48_hours"": {
""probability"": ""60-70""
},
""future_72_hours"": {
""probability"": ""40-50""
},
""future_96_hours"": {
""probability"": ""20-30""
}
}","{'in 12h': '1%', 'in 24h': '2%', 'in 48h': '4%', 'in 72h': '4%', 'in 96h': '4%'}"
"{
""future_12_hours"": 30,
""future_24_hours"": 25,
""future_48_hours"": 20,
""future_72_hours"": 15,
""future_96_hours"": 10
}","{'in 12h': '1%', 'in 24h': '9%', 'in 48h': '1%', 'in 72h': '0%', 'in 96h': '0%'}"
"{
""future_12_hours"": {
""gust_probability"": ""80-90%"",
""max_gust_speed"": ""40-50 kt""
},
""future_24_hours"": {
""gust_probability"": ""85-95%"",
""max_gust_speed"": ""45-55 kt""
},
""future_48_hours"": {
""gust_probability"": ""75-85%"",
""max_gust_speed"": ""35-45 kt""
},
""future_72_hours"": {
""gust_probability"": ""60-70%"",
""max_gust_speed"": ""30-40 kt""
},
""future_96_hours"": {
""gust_probability"": ""50-60%"",
""max_gust_speed"": ""25-35 kt""
}
}","{'in 12h': '1%', 'in 24h': '6%', 'in 48h': '16%', 'in 72h': '17%', 'in 96h': '17%'}"
"{
""future_12_hours"": [
{
""location"": ""Andros"",
""gale_force_probability"": 99
},
{
""location"": ""Florida"",
""gale_force_probability"": 61
}
],
""future_24_hours"": [
{
""location"": ""Andros"",
""gale_force_probability"": 90
},
{
""location"": ""Florida"",
""gale_force_probability"": 71
}
],
""future_48_hours"": [
{
""location"": ""Andros"",
""gale_force_probability"": 80
},
{
""location"": ""Florida"",
""gale_force_probability"": 65
}
],
""future_72_hours"": [
{
""location"": ""Andros"",
""gale_force_probability"": 70
},
{
""location"": ""Florida"",
""gale_force_probability"": 60
}
],
""future_96_hours"": [
{
""location"": ""Andros"",
""gale_force_probability"": 65
},
{
""location"": ""Florida"",
""gale_force_probability"": 55
}
]
}","{'in 12h': '0%', 'in 24h': '0%', 'in 48h': '7%', 'in 72h': '13%', 'in 96h': '13%'}"
"{
""future_12"": 90,
""future_24"": 80,
""future_48"": 60,
""future_72"": 40,
""future_96"": 30
}","{'in 12h': '0%', 'in 24h': '0%', 'in 48h': '3%', 'in 72h': '9%', 'in 96h': '1%'}"
"{
""future_12_hours"": 99,
""future_24_hours"": 80,
""future_48_hours"": 30,
""future_72_hours"": 10,
""future_96_hours"": 0
}","{'in 12h': '0%', 'in 24h': '0%', 'in 48h': '1%', 'in 72h': '9%', 'in 96h': '10%'}"
"{
""future_12_hours"": ""99"",
""future_24_hours"": ""99"",
""future_48_hours"": ""95"",
""future_72_hours"": ""85"",
""future_96_hours"": ""75""
}","{'in 12h': '0%', 'in 24h': '0%', 'in 48h': '0%', 'in 72h': '7%', 'in 96h': '6%'}"
"{
""future_gale_force_probability"": {
""12_hours"": 99,
""24_hours"": 95,
""48_hours"": 90,
""72_hours"": 80,
""96_hours"": 75
}
}","{'in 12h': '0%', 'in 24h': '0%', 'in 48h': '0%', 'in 72h': '3%', 'in 96h': '10%'}"
"{
""future_12"": 70,
""future_24"": 80,
""future_48"": 90,
""future_72"": 85,
""future_96"": 75
}","{'in 12h': '0%', 'in 24h': '0%', 'in 48h': '0%', 'in 72h': '3%', 'in 96h': '13%'}"
03-08-2020,8/2/2020 0:00
02-03-2020,8/2/2020 0:00
02-03-2020,8/2/2020 0:00
02-08-2020,8/2/2020 0:00
01-08-2020,8/2/2020 0:00
31-07-2020,8/2/2020 0:00
08-01-2020,8/2/2020 0:00
06-07-2020,8/2/2020 0:00
30-07-2020,8/2/2020 0:00
30-07-2020,8/2/2020 0:00
03-08-2020,8/2/2020 0:00
02-03-2020,8/2/2020 0:00
02-08-2020,8/2/2020 0:00
02-03-2020,8/2/2020 0:00
02-08-2020,8/2/2020 0:00
31-07-2020,8/2/2020 0:00
03-02-2020,8/2/2020 0:00
30-07-2020,8/2/2020 0:00
30-07-2020,8/2/2020 0:00
30-07-2020,8/2/2020 0:00
03-08-2020,8/2/2020 0:00
03-04-2020,8/2/2020 0:00
02-04-2020,8/2/2020 0:00
02-08-2020,8/2/2020 0:00
01-02-2020,8/2/2020 0:00
01-02-2020,8/2/2020 0:00
10-07-2020,8/2/2020 0:00
31-07-2020,8/2/2020 0:00
02-08-2020,8/2/2020 0:00
30-07-2020,8/2/2020 0:00
2,2
2,2
2,2
5,2
7,2
5,2
4,2
3,2
5,2
4,2
4,2.0
4,2.0
4,2.0
3,2.0
99,2.0
7,2.0
15,2.0
99,2.0
5,2.0
5,2.0
34,0.786483198
9,0.786483198
1-3 ft,0.786483198
34,0.786483198
4,0.786483198
34,0.786483198
34,0.786483198
6,0.786483198
34,0.786483198
34,0.786483198
The answer is C. 10-20 vessels.,B.
"The correct answer is B. 1-10 vessels.

According to the provided data, no specific information about commercial vessels at Jacksonville, FL is given. Therefore, it's impossible to determine the total predicted impacted number of commercial vessels (i.e., cargo vessels) at Jacksonville, FL over the entire event.",B.
B. 10-20 vessels,B.
"Based on the information provided, there are no specific predictions of commercial vessel impacts at Jacksonville, FL. Therefore, the correct answer is:

A. None",B.
D. 20 vessels or more,B.
D. 20 vessels or more,B.
D. 20 vessels or more,B.
D. 20 vessels or more,B.
D. 20 vessels or more,B.
"Based on the information provided, there is no mention of commercial vessels at Jacksonville, FL being impacted by the storm. Therefore, the correct answer is:

A. None",B.
